ts_code,trade_date,open,high,low,close,pre_close,change,pct_chg,vol,amount
600036.SH,2023-07-10,32.52,32.69,32.33,32.45,32.31,0.14,0.4333,272076.77,883689.382
600036.SH,2023-07-11,32.73,32.8,32.47,32.71,32.45,0.26,0.8012,329166.54,1074347.765
600036.SH,2023-07-12,32.72,33.44,32.72,33.2,32.71,0.49,1.498,632049.33,2098753.494
600036.SH,2023-07-13,31.99,32.0,31.45,31.85,31.46,0.39,1.2397,563850.28,1791570.807
600036.SH,2023-07-14,31.94,32.19,31.78,31.93,31.85,0.08,0.2512,347520.56,1111472.582
600036.SH,2023-07-17,31.77,31.78,31.43,31.65,31.93,-0.28,-0.8769,262002.79,827190.406
600036.SH,2023-07-18,31.65,31.77,31.39,31.46,31.65,-0.19,-0.6003,316389.46,996591.508
600036.SH,2023-07-19,31.29,31.64,31.26,31.58,31.46,0.12,0.3814,240295.64,755090.293
600036.SH,2023-07-20,31.77,32.1,31.6,31.69,31.58,0.11,0.3483,272394.43,867690.876
600036.SH,2023-07-21,31.8,31.98,31.61,31.8,31.69,0.11,0.3471,315669.0,1004431.833
600036.SH,2023-07-24,31.46,31.73,31.4,31.45,31.8,-0.35,-1.1006,239122.03,753332.483
600036.SH,2023-07-25,32.0,33.35,32.0,33.27,31.45,1.82,5.787,1261620.96,4159900.848
600036.SH,2023-07-26,33.27,33.73,33.07,33.35,33.27,0.08,0.2405,501751.4,1673625.171
600036.SH,2023-07-27,33.5,33.82,33.2,33.66,33.35,0.31,0.9295,548488.96,1845231.37
600036.SH,2023-07-28,33.49,35.29,33.41,35.1,33.66,1.44,4.2781,1256287.59,4358344.107
600036.SH,2023-07-31,35.52,36.04,35.01,35.56,35.1,0.46,1.3105,1162756.05,4127807.307
600036.SH,2023-08-01,35.53,35.58,34.77,34.99,35.56,-0.57,-1.6029,660095.85,2316910.863
600036.SH,2023-08-02,34.16,34.82,33.77,34.03,34.99,-0.96,-2.7436,915357.61,3124298.66
600036.SH,2023-08-03,34.02,34.78,33.87,34.68,34.03,0.65,1.9101,509293.81,1750414.829
600036.SH,2023-08-04,35.08,35.5,34.72,34.88,34.68,0.2,0.5767,812642.48,2854335.236
600036.SH,2023-08-07,34.75,34.78,34.28,34.5,34.88,-0.38,-1.0894,344671.92,1187405.635
600036.SH,2023-08-08,34.33,34.65,33.81,34.15,34.5,-0.35,-1.0145,502282.55,1715919.7
600036.SH,2023-08-09,34.02,34.31,33.95,34.02,34.15,-0.13,-0.3807,386832.5,1318960.193
600036.SH,2023-08-10,33.9,34.25,33.8,34.14,34.02,0.12,0.3527,287724.69,978706.457
600036.SH,2023-08-11,34.16,34.47,33.15,33.15,34.14,-0.99,-2.8998,606240.04,2032299.867
600036.SH,2023-08-14,32.8,32.83,32.25,32.46,33.15,-0.69,-2.0814,667072.91,2167337.311
600036.SH,2023-08-15,32.46,32.64,32.15,32.36,32.46,-0.1,-0.3081,582959.14,1887265.044
600036.SH,2023-08-16,32.15,32.25,31.88,31.97,32.36,-0.39,-1.2052,580151.81,1857011.416
600036.SH,2023-08-17,31.78,31.87,31.49,31.79,31.97,-0.18,-0.563,646075.69,2043578.651
600036.SH,2023-08-18,31.75,32.63,31.75,31.88,31.79,0.09,0.2831,674594.67,2169641.216
600036.SH,2023-08-21,31.81,31.84,31.13,31.13,31.88,-0.75,-2.3526,809575.31,2537398.399
600036.SH,2023-08-22,31.21,31.47,31.0,31.32,31.13,0.19,0.6103,601070.44,1877097.295
600036.SH,2023-08-23,31.2,31.44,30.85,30.85,31.32,-0.47,-1.5006,560743.58,1743312.676
600036.SH,2023-08-24,31.0,31.15,30.8,31.06,30.85,0.21,0.6807,412256.14,1277299.345
600036.SH,2023-08-25,31.0,31.85,30.9,31.56,31.06,0.5,1.6098,647471.34,2028793.535
600036.SH,2023-08-28,33.3,33.93,32.03,32.26,31.56,0.7,2.218,1405093.67,4608776.006
600036.SH,2023-08-29,32.26,32.44,31.77,32.04,32.26,-0.22,-0.682,721169.98,2310485.794
600036.SH,2023-08-30,32.19,32.19,31.55,31.66,32.04,-0.38,-1.186,639801.58,2031430.069
600036.SH,2023-08-31,31.8,32.08,31.49,31.55,31.66,-0.11,-0.3474,503220.17,1595044.491
600036.SH,2023-09-01,31.95,32.63,31.88,32.27,31.55,0.72,2.2821,697526.19,2250478.414
600036.SH,2023-09-04,32.58,33.61,32.47,33.53,32.27,1.26,3.9046,1104299.32,3671655.441
600036.SH,2023-09-05,33.3,33.44,32.97,33.11,33.53,-0.42,-1.2526,447322.61,1483496.734
600036.SH,2023-09-06,33.1,33.46,32.77,33.36,33.11,0.25,0.7551,546740.47,1812037.299
600036.SH,2023-09-07,33.31,33.31,33.01,33.14,33.36,-0.22,-0.6595,358701.98,1188879.205
600036.SH,2023-09-08,33.0,33.26,32.95,33.17,33.14,0.03,0.0905,298500.98,989879.153
600036.SH,2023-09-11,33.13,33.29,32.91,32.91,33.17,-0.26,-0.7838,632873.69,2091952.941
600036.SH,2023-09-12,32.9,33.05,32.82,32.88,32.91,-0.03,-0.0912,277590.78,914017.922
600036.SH,2023-09-13,32.95,33.08,32.66,32.75,32.88,-0.13,-0.3954,298915.34,980129.608
600036.SH,2023-09-14,32.95,33.19,32.85,33.07,32.75,0.32,0.9771,437343.9,1443840.329
600036.SH,2023-09-15,33.3,33.42,32.8,32.96,33.07,-0.11,-0.3326,439602.15,1453249.853
600036.SH,2023-09-18,32.87,33.05,32.7,33.02,32.96,0.06,0.182,360401.92,1186454.306
600036.SH,2023-09-19,33.0,33.0,32.72,32.96,33.02,-0.06,-0.1817,384652.7,1263587.161
600036.SH,2023-09-20,32.86,32.86,32.63,32.73,32.96,-0.23,-0.6978,309317.58,1012842.173
600036.SH,2023-09-21,32.75,32.81,32.37,32.37,32.73,-0.36,-1.0999,390318.54,1270724.458
600036.SH,2023-09-22,32.59,33.37,32.32,33.34,32.37,0.97,2.9966,712833.16,2349131.841
600036.SH,2023-09-25,33.28,33.28,32.9,33.0,33.34,-0.34,-1.0198,456515.41,1506238.619
600036.SH,2023-09-26,32.93,33.08,32.75,32.8,33.0,-0.2,-0.6061,322023.56,1058673.65
600036.SH,2023-09-27,32.9,33.09,32.75,32.82,32.8,0.02,0.061,352466.79,1159673.83
600036.SH,2023-09-28,33.02,33.14,32.75,32.97,32.82,0.15,0.457,388564.69,1280959.169
600036.SH,2023-10-09,32.7,32.7,32.38,32.58,32.97,-0.39,-1.1829,361342.67,1176010.754
600036.SH,2023-10-10,33.12,33.13,32.59,32.59,32.58,0.01,0.0307,342636.98,1123856.356
600036.SH,2023-10-11,32.84,32.85,32.4,32.45,32.59,-0.14,-0.4296,376091.24,1226529.938
600036.SH,2023-10-12,32.99,33.33,32.78,33.07,32.45,0.62,1.9106,617459.63,2041713.576
600036.SH,2023-10-13,32.78,32.88,32.51,32.61,33.07,-0.46,-1.391,410371.87,1341527.525
600036.SH,2023-10-16,32.58,32.66,32.24,32.31,32.61,-0.3,-0.92,286774.14,928068.013
600036.SH,2023-10-17,32.39,32.6,32.22,32.52,32.31,0.21,0.65,286229.14,928757.316
600036.SH,2023-10-18,32.49,32.64,32.41,32.49,32.52,-0.03,-0.0923,249316.67,810933.178
600036.SH,2023-10-19,32.4,32.4,31.52,31.57,32.49,-0.92,-2.8316,604293.38,1922080.369
600036.SH,2023-10-20,31.49,31.81,31.4,31.65,31.57,0.08,0.2534,372589.37,1178535.483
600036.SH,2023-10-23,31.59,31.65,31.0,31.23,31.65,-0.42,-1.327,393801.84,1232365.016
600036.SH,2023-10-24,31.38,31.41,31.04,31.3,31.23,0.07,0.2241,365526.63,1142319.006
600036.SH,2023-10-25,31.6,31.75,31.2,31.42,31.3,0.12,0.3834,375693.32,1179249.724
600036.SH,2023-10-26,31.36,31.75,31.26,31.5,31.42,0.08,0.2546,287029.85,904374.422
600036.SH,2023-10-27,31.45,31.65,31.15,31.53,31.5,0.03,0.0952,391452.76,1231933.968
600036.SH,2023-10-30,31.01,31.13,30.55,30.9,31.53,-0.63,-1.9981,838500.56,2582604.676
600036.SH,2023-10-31,30.74,30.99,30.61,30.76,30.9,-0.14,-0.4531,528015.99,1624462.29
600036.SH,2023-11-01,30.8,30.88,30.43,30.45,30.76,-0.31,-1.0078,529897.07,1617976.148
600036.SH,2023-11-02,30.6,30.81,30.51,30.68,30.45,0.23,0.7553,364667.71,1118895.486
600036.SH,2023-11-03,30.68,31.04,30.6,30.99,30.68,0.31,1.0104,439568.79,1357177.293
600036.SH,2023-11-06,31.15,31.35,30.96,31.14,30.99,0.15,0.484,519823.85,1617714.882
600036.SH,2023-11-07,31.14,31.14,30.65,30.8,31.14,-0.34,-1.0918,516240.67,1589834.114
600036.SH,2023-11-08,30.74,30.78,30.5,30.6,30.8,-0.2,-0.6494,445182.98,1363161.957
600036.SH,2023-11-09,30.55,30.78,30.52,30.66,30.6,0.06,0.1961,327649.58,1003833.045
600036.SH,2023-11-10,30.5,30.56,30.1,30.16,30.66,-0.5,-1.6308,516964.62,1561581.974
600036.SH,2023-11-13,30.17,30.27,29.61,29.82,30.16,-0.34,-1.1273,634242.73,1891693.842
600036.SH,2023-11-14,29.87,30.2,29.86,30.2,29.82,0.38,1.2743,448342.67,1347710.79
600036.SH,2023-11-15,30.45,30.77,30.39,30.64,30.2,0.44,1.457,601939.6,1842095.992
600036.SH,2023-11-16,30.67,30.77,30.37,30.54,30.64,-0.1,-0.3264,315719.93,965161.754
600036.SH,2023-11-17,30.46,30.52,30.1,30.33,30.54,-0.21,-0.6876,432452.82,1308022.703
600036.SH,2023-11-20,30.34,30.59,30.14,30.58,30.33,0.25,0.8243,369227.08,1123420.442
600036.SH,2023-11-21,30.75,30.87,30.37,30.43,30.58,-0.15,-0.4905,488544.7,1497630.759
600036.SH,2023-11-22,30.3,30.41,30.15,30.16,30.43,-0.27,-0.8873,273705.42,828342.908
600036.SH,2023-11-23,30.02,30.21,29.95,30.14,30.16,-0.02,-0.0663,299793.83,900540.283
600036.SH,2023-11-24,30.06,30.1,29.93,30.0,30.14,-0.14,-0.4645,291162.76,873539.196
600036.SH,2023-11-27,30.0,30.03,29.29,29.4,30.0,-0.6,-2.0,581019.58,1714186.982
600036.SH,2023-11-28,29.41,29.49,29.04,29.16,29.4,-0.24,-0.8163,475165.11,1389229.278
600036.SH,2023-11-29,29.2,29.24,28.68,28.8,29.16,-0.36,-1.2346,620637.52,1789462.813
600036.SH,2023-11-30,28.8,28.98,28.6,28.79,28.8,-0.01,-0.0347,551560.06,1585194.742
600036.SH,2023-12-01,28.72,28.74,28.07,28.26,28.79,-0.53,-1.8409,882736.44,2496795.77
600036.SH,2023-12-04,28.27,28.46,28.02,28.08,28.26,-0.18,-0.6369,557878.3,1569603.288
600036.SH,2023-12-05,28.06,28.07,27.5,27.51,28.08,-0.57,-2.0299,618901.67,1717656.519
600036.SH,2023-12-06,27.56,27.96,27.45,27.76,27.51,0.25,0.9088,611259.26,1697947.805
600036.SH,2023-12-07,27.77,27.94,27.29,27.81,27.76,0.05,0.1801,594966.98,1643064.047
600036.SH,2023-12-08,27.7,27.95,27.5,27.5,27.81,-0.31,-1.1147,533497.65,1479206.064
600036.SH,2023-12-11,27.25,27.85,26.9,27.76,27.5,0.26,0.9455,758085.97,2067921.108
600036.SH,2023-12-12,27.7,28.07,27.61,28.05,27.76,0.29,1.0447,504201.11,1409339.298
600036.SH,2023-12-13,27.92,27.92,27.2,27.22,28.05,-0.83,-2.959,671239.32,1844591.027
600036.SH,2023-12-14,27.44,27.64,27.03,27.03,27.22,-0.19,-0.698,445268.08,1214879.008
600036.SH,2023-12-15,27.47,28.05,27.2,27.23,27.03,0.2,0.7399,980686.59,2697705.037
600036.SH,2023-12-18,27.0,27.38,26.9,27.28,27.23,0.05,0.1836,477164.25,1299068.335
600036.SH,2023-12-19,27.2,27.35,27.02,27.29,27.28,0.01,0.0367,376573.73,1024185.206
600036.SH,2023-12-20,27.31,27.41,27.06,27.06,27.29,-0.23,-0.8428,531128.08,1446520.286
600036.SH,2023-12-21,26.98,27.75,26.92,27.71,27.06,0.65,2.4021,759104.81,2082187.758
600036.SH,2023-12-22,27.78,27.85,27.41,27.61,27.71,-0.1,-0.3609,623643.72,1721377.205
600036.SH,2023-12-25,27.6,27.72,27.42,27.53,27.61,-0.08,-0.2898,419033.86,1154001.375
600036.SH,2023-12-26,27.49,27.49,27.16,27.27,27.53,-0.26,-0.9444,365257.08,997177.589
600036.SH,2023-12-27,27.33,27.37,27.05,27.3,27.27,0.03,0.11,410636.87,1117439.216
600036.SH,2023-12-28,27.25,28.13,27.25,27.99,27.3,0.69,2.5275,1061062.85,2953200.858
600036.SH,2023-12-29,27.9,28.05,27.77,27.82,27.99,-0.17,-0.6074,655773.45,1827818.811
600036.SH,2024-01-02,27.95,27.96,27.56,27.58,27.82,-0.24,-0.8627,542194.8,1500865.548
600036.SH,2024-01-03,27.58,27.84,27.52,27.77,27.58,0.19,0.6889,433955.88,1200383.624
600036.SH,2024-01-04,27.76,27.83,27.36,27.81,27.77,0.04,0.144,637102.49,1759101.593
600036.SH,2024-01-05,27.75,28.78,27.62,28.29,27.81,0.48,1.726,1190633.15,3376466.447
600036.SH,2024-01-08,28.17,28.59,27.95,28.13,28.29,-0.16,-0.5656,816820.7,2305065.736
600036.SH,2024-01-09,28.12,28.28,27.9,28.17,28.13,0.04,0.1422,558663.06,1569684.23
600036.SH,2024-01-10,28.02,28.35,28.02,28.05,28.17,-0.12,-0.426,453640.48,1277638.873
600036.SH,2024-01-11,28.0,28.57,27.85,28.38,28.05,0.33,1.1765,735318.26,2082611.272
600036.SH,2024-01-12,28.26,28.78,28.26,28.54,28.38,0.16,0.5638,577832.01,1652242.626
600036.SH,2024-01-15,28.5,28.94,28.37,28.77,28.54,0.23,0.8059,482452.29,1383953.76
600036.SH,2024-01-16,28.63,29.13,28.6,29.13,28.77,0.36,1.2513,853440.24,2469511.282
600036.SH,2024-01-17,29.12,29.58,29.03,29.19,29.13,0.06,0.206,1308601.46,3843478.823
600036.SH,2024-01-18,28.94,29.68,28.6,29.58,29.19,0.39,1.3361,1295126.45,3762050.846
600036.SH,2024-01-19,29.37,29.9,29.14,29.73,29.58,0.15,0.5071,968616.23,2865398.412
600036.SH,2024-01-22,29.76,30.5,29.7,30.25,29.73,0.52,1.7491,1549702.67,4691297.1
600036.SH,2024-01-23,30.01,30.35,29.8,29.99,30.25,-0.26,-0.8595,886055.52,2661547.376
600036.SH,2024-01-24,30.15,30.29,29.38,30.09,29.99,0.1,0.3334,974892.39,2904947.629
600036.SH,2024-01-25,30.31,31.0,30.18,30.9,30.09,0.81,2.6919,1234509.22,3791899.866
600036.SH,2024-01-26,30.92,31.35,30.66,31.12,30.9,0.22,0.712,1009915.78,3132788.305
600036.SH,2024-01-29,31.2,31.6,31.17,31.35,31.12,0.23,0.7391,838824.33,2632393.04
600036.SH,2024-01-30,31.2,31.5,30.78,31.0,31.35,-0.35,-1.1164,743999.13,2316762.5
600036.SH,2024-01-31,30.92,31.19,30.59,30.71,31.0,-0.29,-0.9355,808949.28,2494516.011
600036.SH,2024-02-01,30.67,30.84,30.2,30.42,30.71,-0.29,-0.9443,859700.09,2621519.218
600036.SH,2024-02-02,30.45,30.66,29.64,30.23,30.42,-0.19,-0.6246,987291.65,2986530.108
600036.SH,2024-02-05,30.23,30.95,30.06,30.71,30.23,0.48,1.5878,1063978.81,3246673.368
600036.SH,2024-02-06,30.71,31.35,30.6,31.33,30.71,0.62,2.0189,1062158.43,3296036.54
600036.SH,2024-02-07,31.42,31.48,30.81,31.31,31.33,-0.02,-0.0638,1110510.58,3458135.329
600036.SH,2024-02-08,31.31,31.45,31.02,31.4,31.31,0.09,0.2874,873004.36,2728137.528
600036.SH,2024-02-19,31.99,31.99,31.41,31.62,31.4,0.22,0.7006,875490.1,2770406.837
600036.SH,2024-02-20,31.62,31.62,31.29,31.4,31.62,-0.22,-0.6958,606404.69,1907541.533
600036.SH,2024-02-21,31.4,33.39,31.35,33.0,31.4,1.6,5.0955,1528656.12,5003152.628
600036.SH,2024-02-22,32.81,32.95,32.39,32.8,33.0,-0.2,-0.6061,752760.38,2461009.465
600036.SH,2024-02-23,32.81,33.4,32.62,32.95,32.8,0.15,0.4573,639848.72,2118316.307
600036.SH,2024-02-26,32.86,33.06,32.08,32.25,32.95,-0.7,-2.1244,666390.18,2163023.087
600036.SH,2024-02-27,32.24,32.4,31.99,32.18,32.25,-0.07,-0.2171,543491.54,1746108.592
600036.SH,2024-02-28,32.29,32.29,31.6,32.02,32.18,-0.16,-0.4972,683707.52,2186677.932
600036.SH,2024-02-29,31.89,32.2,31.85,32.04,32.02,0.02,0.0625,498928.29,1595634.178
600036.SH,2024-03-01,31.92,32.08,31.75,31.94,32.04,-0.1,-0.3121,427173.92,1361853.701
600036.SH,2024-03-04,31.76,31.87,31.47,31.52,31.94,-0.42,-1.315,591350.15,1868022.544
600036.SH,2024-03-05,31.42,32.21,31.31,32.18,31.52,0.66,2.0939,894028.67,2850224.114
600036.SH,2024-03-06,32.14,32.26,31.87,31.87,32.18,-0.31,-0.9633,516101.77,1655425.115
600036.SH,2024-03-07,31.87,32.13,31.78,32.0,31.87,0.13,0.4079,519491.97,1659111.449
600036.SH,2024-03-08,31.89,32.01,31.55,31.67,32.0,-0.33,-1.0313,441071.17,1399732.269
600036.SH,2024-03-11,31.55,31.75,31.2,31.48,31.67,-0.19,-0.5999,738537.94,2318402.185
600036.SH,2024-03-12,31.42,32.15,31.28,31.95,31.48,0.47,1.493,769253.75,2447163.517
600036.SH,2024-03-13,31.96,31.99,31.43,31.52,31.95,-0.43,-1.3459,469387.14,1482651.384
600036.SH,2024-03-14,31.46,31.72,31.16,31.25,31.52,-0.27,-0.8566,508174.98,1595073.269
600036.SH,2024-03-15,31.24,31.42,31.0,31.18,31.25,-0.07,-0.224,520780.63,1621589.213
600036.SH,2024-03-18,31.15,31.34,31.0,31.13,31.18,-0.05,-0.1604,461897.7,1436837.36
600036.SH,2024-03-19,31.1,31.11,30.73,30.8,31.13,-0.33,-1.0601,547025.3,1688506.946
600036.SH,2024-03-20,30.8,31.2,30.66,31.18,30.8,0.38,1.2338,498272.25,1544956.631
600036.SH,2024-03-21,31.17,31.76,31.05,31.55,31.18,0.37,1.1867,646761.08,2040298.376
600036.SH,2024-03-22,31.53,31.55,30.9,31.2,31.55,-0.35,-1.1094,552878.52,1722145.156
600036.SH,2024-03-25,31.11,31.51,30.92,31.35,31.2,0.15,0.4808,483759.02,1514858.505
600036.SH,2024-03-26,31.8,32.66,31.73,32.4,31.35,1.05,3.3493,1244307.91,4014510.51
600036.SH,2024-03-27,32.29,32.65,32.21,32.3,32.4,-0.1,-0.3086,782084.88,2539984.05
600036.SH,2024-03-28,32.34,32.5,32.07,32.18,32.3,-0.12,-0.3715,694744.92,2242513.222
600036.SH,2024-03-29,32.1,32.64,32.07,32.2,32.18,0.02,0.0622,514001.31,1663236.764
600036.SH,2024-04-01,32.18,32.85,32.18,32.64,32.2,0.44,1.3665,570152.32,1861582.316
600036.SH,2024-04-02,32.7,32.92,32.44,32.55,32.64,-0.09,-0.2757,536618.99,1753251.097
600036.SH,2024-04-03,32.54,32.63,32.23,32.23,32.55,-0.32,-0.9831,498081.63,1612691.616
600036.SH,2024-04-08,32.24,32.56,32.03,32.4,32.23,0.17,0.5275,477291.23,1544564.957
600036.SH,2024-04-09,32.5,32.63,32.31,32.31,32.4,-0.09,-0.2778,384772.07,1248965.235
600036.SH,2024-04-10,32.19,32.68,32.19,32.49,32.31,0.18,0.5571,504013.72,1638691.786
600036.SH,2024-04-11,32.31,32.42,32.13,32.3,32.49,-0.19,-0.5848,443747.73,1432073.801
600036.SH,2024-04-12,32.28,32.47,32.06,32.12,32.3,-0.18,-0.5573,478204.14,1540845.216
600036.SH,2024-04-15,32.1,33.0,32.09,32.83,32.12,0.71,2.2105,764644.73,2503221.029
600036.SH,2024-04-16,32.71,32.97,32.45,32.75,32.83,-0.08,-0.2437,741556.1,2429469.045
600036.SH,2024-04-17,32.69,33.49,32.47,33.3,32.75,0.55,1.6794,948211.96,3131202.074
600036.SH,2024-04-18,33.26,34.1,33.19,33.65,33.3,0.35,1.0511,1006574.01,3393695.785
600036.SH,2024-04-19,33.56,33.84,33.42,33.62,33.65,-0.03,-0.0892,540383.5,1818443.521
600036.SH,2024-04-22,33.78,34.19,33.05,33.34,33.62,-0.28,-0.8328,607535.07,2034006.573
600036.SH,2024-04-23,33.3,33.82,33.23,33.38,33.34,0.04,0.12,512452.44,1717681.682
600036.SH,2024-04-24,33.38,33.55,33.1,33.46,33.38,0.08,0.2397,443383.53,1480785.929
600036.SH,2024-04-25,33.44,34.4,33.38,34.4,33.46,0.94,2.8093,919481.8,3136628.386
600036.SH,2024-04-26,34.4,34.87,34.22,34.48,34.4,0.08,0.2326,954898.83,3292052.902
600036.SH,2024-04-29,34.4,35.16,34.2,34.88,34.48,0.4,1.1601,818064.12,2854804.596
600036.SH,2024-04-30,34.4,34.58,34.05,34.31,34.88,-0.57,-1.6342,868041.8,2982962.844
600036.SH,2024-05-06,35.1,35.36,34.72,34.88,34.31,0.57,1.6613,1000704.94,3501168.456
600036.SH,2024-05-07,34.88,34.95,34.63,34.87,34.88,-0.01,-0.0287,473848.57,1649813.221
600036.SH,2024-05-08,34.82,34.96,34.55,34.57,34.87,-0.3,-0.8603,412861.58,1434042.865
600036.SH,2024-05-09,34.6,34.93,34.6,34.84,34.57,0.27,0.781,512391.31,1782846.432
600036.SH,2024-05-10,34.84,35.85,34.8,35.62,34.84,0.78,2.2388,940365.7,3331360.84
600036.SH,2024-05-13,35.44,36.07,35.33,35.91,35.62,0.29,0.8141,747800.26,2674602.938
600036.SH,2024-05-14,35.89,36.13,35.2,35.34,35.91,-0.57,-1.5873,687778.84,2440460.309
600036.SH,2024-05-15,35.33,35.44,34.69,35.05,35.34,-0.29,-0.8206,674944.06,2361226.415
600036.SH,2024-05-16,35.08,36.45,35.0,36.25,35.05,1.2,3.4237,1291475.53,4659047.071
600036.SH,2024-05-17,36.3,36.9,36.06,36.85,36.25,0.6,1.6552,916879.44,3342837.158
600036.SH,2024-05-20,36.85,37.0,36.09,36.38,36.85,-0.47,-1.2754,914250.0,3337501.051
600036.SH,2024-05-21,36.36,36.52,36.13,36.24,36.38,-0.14,-0.3848,445999.44,1620630.88
600036.SH,2024-05-22,36.22,36.38,35.76,36.06,36.24,-0.18,-0.4967,664477.39,2398900.244
600036.SH,2024-05-23,35.9,36.01,35.32,35.5,36.06,-0.56,-1.553,924584.95,3284073.837
600036.SH,2024-05-24,35.3,35.48,34.66,34.74,35.5,-0.76,-2.1408,870440.0,3051224.758
600036.SH,2024-05-27,34.85,35.21,34.75,35.14,34.74,0.4,1.1514,570938.14,1997775.669
600036.SH,2024-05-28,35.1,35.33,34.72,34.83,35.14,-0.31,-0.8822,476190.58,1660811.058
600036.SH,2024-05-29,34.75,35.06,34.46,34.57,34.83,-0.26,-0.7465,491041.18,1703567.318
600036.SH,2024-05-30,34.45,34.9,34.18,34.34,34.57,-0.23,-0.6653,559244.84,1928489.154
600036.SH,2024-05-31,34.53,34.6,34.28,34.28,34.34,-0.06,-0.1747,508932.48,1752657.846
600036.SH,2024-06-03,34.22,34.38,33.92,34.15,34.28,-0.13,-0.3792,608111.35,2071791.245
600036.SH,2024-06-04,34.15,34.68,34.1,34.54,34.15,0.39,1.142,533788.42,1840296.169
600036.SH,2024-06-05,34.68,34.7,33.89,33.99,34.54,-0.55,-1.5924,691041.22,2359792.656
600036.SH,2024-06-06,34.09,34.2,33.78,34.0,33.99,0.01,0.0294,677240.66,2302856.624
600036.SH,2024-06-07,34.05,34.25,33.65,33.99,34.0,-0.01,-0.0294,678265.59,2298090.33
600036.SH,2024-06-11,33.78,33.97,33.12,33.36,33.99,-0.63,-1.8535,690448.31,2309722.313
600036.SH,2024-06-12,33.35,33.36,32.95,33.09,33.36,-0.27,-0.8094,511380.59,1693037.688
600036.SH,2024-06-13,33.2,33.22,32.72,32.82,33.09,-0.27,-0.816,550184.21,1808251.998
600036.SH,2024-06-14,32.82,34.02,32.82,33.81,32.82,0.99,3.0165,991674.29,3324856.785
600036.SH,2024-06-17,33.6,33.8,33.39,33.73,33.81,-0.08,-0.2366,457682.48,1539063.152
600036.SH,2024-06-18,33.86,34.3,33.62,33.71,33.73,-0.02,-0.0593,453675.39,1538144.777
600036.SH,2024-06-19,33.71,34.4,33.66,34.15,33.71,0.44,1.3053,585937.22,1997678.159
600036.SH,2024-06-20,34.16,34.23,33.9,34.01,34.15,-0.14,-0.41,392466.67,1336247.232
600036.SH,2024-06-21,33.88,34.08,33.49,33.7,34.01,-0.31,-0.9115,523962.8,1765822.362
600036.SH,2024-06-24,33.79,34.22,33.49,34.07,33.7,0.37,1.0979,692589.54,2350203.464
600036.SH,2024-06-25,34.07,34.47,33.97,34.3,34.07,0.23,0.6751,638160.2,2187945.494
600036.SH,2024-06-26,34.18,34.36,33.95,34.06,34.3,-0.24,-0.6997,452638.01,1545807.548
600036.SH,2024-06-27,33.96,34.34,33.83,34.26,34.06,0.2,0.5872,555172.6,1894891.373
600036.SH,2024-06-28,34.2,34.48,34.04,34.19,34.26,-0.07,-0.2043,525749.4,1799951.939
600036.SH,2024-07-01,34.19,34.4,33.95,34.36,34.19,0.17,0.4972,472238.65,1616131.283
600036.SH,2024-07-02,34.38,35.25,34.36,35.08,34.36,0.72,2.0955,868770.71,3041833.255
600036.SH,2024-07-03,35.01,35.09,34.31,34.46,35.08,-0.62,-1.7674,691372.7,2388331.234
600036.SH,2024-07-04,34.54,35.04,34.48,34.71,34.46,0.25,0.7255,696918.92,2424281.266
600036.SH,2024-07-05,34.71,34.83,33.66,33.88,34.71,-0.83,-2.3912,967782.76,3295568.199
600036.SH,2024-07-08,33.85,34.23,33.71,33.99,33.88,0.11,0.3247,545730.02,1855611.836
600036.SH,2024-07-09,33.99,34.55,33.72,34.47,33.99,0.48,1.4122,621037.01,2124005.154
600036.SH,2024-07-10,34.47,35.0,34.45,34.68,34.47,0.21,0.6092,726314.24,2524474.646
600036.SH,2024-07-11,33.08,33.13,32.79,32.9,32.71,0.19,0.5809,732388.96,2411951.386
600036.SH,2024-07-12,33.01,34.08,33.01,34.0,32.9,1.1,3.3435,944904.25,3199683.547
600036.SH,2024-07-15,34.0,34.05,33.72,33.78,34.0,-0.22,-0.6471,474603.66,1605883.747
600036.SH,2024-07-16,33.76,33.89,33.46,33.79,33.78,0.01,0.0296,455792.55,1535668.998
600036.SH,2024-07-17,33.7,34.19,33.65,34.07,33.79,0.28,0.8286,577954.22,1964635.267
600036.SH,2024-07-18,34.07,34.25,33.76,34.09,34.07,0.02,0.0587,598627.17,2036474.28
600036.SH,2024-07-19,34.0,34.3,33.59,34.25,34.09,0.16,0.4693,810072.18,2749172.01
600036.SH,2024-07-22,34.17,34.17,33.09,33.34,34.25,-0.91,-2.6569,808205.77,2694241.975
600036.SH,2024-07-23,33.34,33.71,33.23,33.34,33.34,0.0,0.0,538754.68,1803269.6
600036.SH,2024-07-24,33.45,33.58,33.03,33.18,33.34,-0.16,-0.4799,482452.94,1604648.703
600036.SH,2024-07-25,33.22,33.32,32.37,32.83,33.18,-0.35,-1.0549,762078.54,2496804.673
600036.SH,2024-07-26,32.8,33.04,32.11,32.37,32.83,-0.46,-1.4012,601461.67,1952156.132
600036.SH,2024-07-29,32.38,32.65,32.2,32.45,32.37,0.08,0.2471,413475.33,1343740.115
600036.SH,2024-07-30,32.4,32.59,32.15,32.42,32.45,-0.03,-0.0924,390781.61,1264925.929
600036.SH,2024-07-31,32.42,33.0,32.25,32.73,32.42,0.31,0.9562,595369.65,1948675.368
600036.SH,2024-08-01,32.73,32.85,32.27,32.71,32.73,-0.02,-0.0611,409138.81,1332771.463
600036.SH,2024-08-02,32.42,32.6,32.23,32.28,32.71,-0.43,-1.3146,386130.24,1250037.017
600036.SH,2024-08-05,32.2,32.52,32.05,32.1,32.28,-0.18,-0.5576,584419.84,1884940.815
600036.SH,2024-08-06,32.36,32.39,31.51,31.7,32.1,-0.4,-1.2461,514388.64,1637765.272
600036.SH,2024-08-07,31.73,31.9,31.55,31.58,31.7,-0.12,-0.3785,390731.73,1238023.516
600036.SH,2024-08-08,31.61,31.98,31.38,31.93,31.58,0.35,1.1083,394599.78,1252394.782
600036.SH,2024-08-09,31.97,32.58,31.81,32.33,31.93,0.4,1.2527,482748.47,1561254.687
600036.SH,2024-08-12,32.3,32.34,31.93,32.12,32.33,-0.21,-0.6496,318943.21,1023447.632
600036.SH,2024-08-13,32.1,32.23,31.76,31.94,32.12,-0.18,-0.5604,282377.69,902009.896
600036.SH,2024-08-14,31.9,32.14,31.81,31.86,31.94,-0.08,-0.2505,282446.1,901196.911
600036.SH,2024-08-15,31.85,32.92,31.65,32.76,31.86,0.9,2.8249,739789.83,2409557.383
600036.SH,2024-08-16,32.75,33.25,32.72,33.15,32.76,0.39,1.1905,418503.02,1383877.362
600036.SH,2024-08-19,33.25,33.5,33.03,33.42,33.15,0.27,0.8145,422843.42,1409948.503
600036.SH,2024-08-20,33.45,33.6,33.16,33.48,33.42,0.06,0.1795,423728.73,1415473.211
600036.SH,2024-08-21,33.3,33.43,32.82,33.24,33.48,-0.24,-0.7168,378101.05,1254587.421
600036.SH,2024-08-22,33.28,33.55,33.18,33.3,33.24,0.06,0.1805,382863.99,1276718.683
600036.SH,2024-08-23,33.27,33.85,33.07,33.7,33.3,0.4,1.2012,465587.26,1561509.818
600036.SH,2024-08-26,33.7,33.84,33.47,33.77,33.7,0.07,0.2077,351174.6,1182990.04
600036.SH,2024-08-27,33.77,33.94,33.53,33.7,33.77,-0.07,-0.2073,387208.57,1308314.397
600036.SH,2024-08-28,33.83,33.98,33.44,33.68,33.7,-0.02,-0.0593,415232.08,1398682.394
600036.SH,2024-08-29,33.59,33.77,32.9,32.93,33.68,-0.75,-2.2268,516387.82,1712021.359
600036.SH,2024-08-30,32.8,33.11,32.12,32.15,32.93,-0.78,-2.3687,1112229.83,3618077.5
600036.SH,2024-09-02,32.0,32.38,31.84,31.93,32.15,-0.22,-0.6843,558020.65,1787602.792
600036.SH,2024-09-03,32.01,32.08,31.4,31.62,31.93,-0.31,-0.9709,505751.88,1596269.78
600036.SH,2024-09-04,31.53,31.93,31.35,31.36,31.62,-0.26,-0.8223,380525.9,1198859.446
600036.SH,2024-09-05,31.36,31.44,30.9,31.2,31.36,-0.16,-0.5102,542063.45,1687017.96
600036.SH,2024-09-06,31.25,31.74,31.2,31.25,31.2,0.05,0.1603,383182.14,1206615.762
600036.SH,2024-09-09,30.98,30.99,30.04,30.24,31.25,-1.01,-3.232,871073.47,2641195.521
600036.SH,2024-09-10,30.25,30.43,29.94,30.19,30.24,-0.05,-0.1653,476023.57,1435849.555
600036.SH,2024-09-11,30.14,30.2,29.93,30.08,30.19,-0.11,-0.3644,415793.76,1249059.023
600036.SH,2024-09-12,30.1,30.5,29.94,30.23,30.08,0.15,0.4987,410266.97,1242374.645
600036.SH,2024-09-13,30.28,30.9,30.0,30.6,30.23,0.37,1.2239,495974.43,1520857.906
600036.SH,2024-09-18,30.61,31.2,30.61,31.11,30.6,0.51,1.6667,418540.27,1295345.114
600036.SH,2024-09-19,31.2,31.23,30.63,30.82,31.11,-0.29,-0.9322,451191.26,1393040.942
600036.SH,2024-09-20,30.82,31.11,30.66,30.94,30.82,0.12,0.3894,487417.55,1505998.312
600036.SH,2024-09-23,30.85,31.49,30.84,31.39,30.94,0.45,1.4544,344608.72,1076332.365
600036.SH,2024-09-24,31.68,33.14,31.67,33.13,31.39,1.74,5.5432,1361218.0,4427310.186
600036.SH,2024-09-25,33.85,34.49,33.7,34.15,33.13,1.02,3.0788,1856242.79,6327661.421
600036.SH,2024-09-26,34.16,35.38,33.91,35.38,34.15,1.23,3.6018,1745329.99,6068657.572
600036.SH,2024-09-27,36.11,36.5,34.91,35.63,35.38,0.25,0.7066,745457.82,2653812.67
600036.SH,2024-09-30,36.35,38.0,35.92,37.61,35.63,1.98,5.5571,2561012.6,9443438.268
600036.SH,2024-10-08,41.37,41.37,38.82,40.0,37.61,2.39,6.3547,2973038.68,11999361.938
600036.SH,2024-10-09,39.7,39.72,37.01,37.01,40.0,-2.99,-7.475,1855932.1,7113813.985
600036.SH,2024-10-10,37.4,39.5,37.4,38.73,37.01,1.72,4.6474,1433298.41,5528664.144
600036.SH,2024-10-11,38.73,39.22,38.03,38.43,38.73,-0.3,-0.7746,903475.8,3498241.86
600036.SH,2024-10-14,39.01,39.8,38.69,39.33,38.43,0.9,2.3419,1292938.39,5076841.42
600036.SH,2024-10-15,39.17,39.99,38.5,38.5,39.33,-0.83,-2.1103,955976.53,3755705.942
600036.SH,2024-10-16,38.15,39.5,38.13,39.5,38.5,1.0,2.5974,1012548.15,3963555.265
600036.SH,2024-10-17,39.53,39.79,38.49,38.49,39.5,-1.01,-2.557,848922.28,3315820.471
600036.SH,2024-10-18,38.51,39.43,38.21,39.05,38.49,0.56,1.4549,928194.33,3603949.498
600036.SH,2024-10-21,39.15,39.15,38.5,38.85,39.05,-0.2,-0.5122,717539.46,2780905.731
600036.SH,2024-10-22,38.84,39.6,38.75,39.17,38.85,0.32,0.8237,600526.1,2352800.199
600036.SH,2024-10-23,39.06,39.94,39.02,39.66,39.17,0.49,1.251,627099.68,2482861.345
600036.SH,2024-10-24,39.55,39.68,39.14,39.31,39.66,-0.35,-0.8825,336312.2,1323826.643
600036.SH,2024-10-25,39.25,39.49,39.06,39.1,39.31,-0.21,-0.5342,447931.19,1756222.719
600036.SH,2024-10-28,39.01,39.1,38.28,38.52,39.1,-0.58,-1.4834,664640.94,2559210.507
600036.SH,2024-10-29,38.6,39.1,38.41,38.6,38.52,0.08,0.2077,514681.61,1990283.154
600036.SH,2024-10-30,38.51,38.9,37.61,37.88,38.6,-0.72,-1.8653,703408.28,2680423.056
600036.SH,2024-10-31,37.8,37.99,36.91,37.36,37.88,-0.52,-1.3728,850392.51,3173924.099
600036.SH,2024-11-01,37.44,38.3,37.38,38.01,37.36,0.65,1.7398,703102.11,2671523.515
600036.SH,2024-11-04,38.1,38.75,37.41,38.75,38.01,0.74,1.9469,646612.09,2466019.719
600036.SH,2024-11-05,38.43,39.1,38.4,39.08,38.75,0.33,0.8516,628744.76,2445317.943
600036.SH,2024-11-06,39.0,39.08,38.15,38.56,39.08,-0.52,-1.3306,648336.29,2501077.845
600036.SH,2024-11-07,38.42,39.58,38.38,39.57,38.56,1.01,2.6193,743472.18,2904874.006
600036.SH,2024-11-08,39.68,39.85,38.75,38.8,39.57,-0.77,-1.9459,745368.46,2920926.027
600036.SH,2024-11-11,38.3,38.7,37.89,38.33,38.8,-0.47,-1.2113,703145.55,2682610.299
600036.SH,2024-11-12,38.19,38.84,37.51,37.59,38.33,-0.74,-1.9306,893289.28,3399364.219
600036.SH,2024-11-13,37.59,37.98,37.51,37.82,37.59,0.23,0.6119,485304.4,1833809.094
600036.SH,2024-11-14,37.66,38.48,37.53,38.06,37.82,0.24,0.6346,676440.3,2585688.546
600036.SH,2024-11-15,38.08,38.57,37.81,37.82,38.06,-0.24,-0.6306,699276.88,2671344.642
600036.SH,2024-11-18,38.05,38.66,37.8,37.9,37.82,0.08,0.2115,763448.07,2918992.44
600036.SH,2024-11-19,37.91,38.18,37.45,37.72,37.9,-0.18,-0.4749,521248.55,1967719.175
600036.SH,2024-11-20,37.8,37.85,37.4,37.48,37.72,-0.24,-0.6363,451291.26,1693331.536
600036.SH,2024-11-21,37.48,37.66,37.27,37.43,37.48,-0.05,-0.1334,350336.14,1309684.433
600036.SH,2024-11-22,37.43,37.55,36.36,36.45,37.43,-0.98,-2.6182,690490.9,2544524.441
600036.SH,2024-11-25,36.7,36.86,36.12,36.22,36.45,-0.23,-0.631,534094.73,1945383.41
600036.SH,2024-11-26,36.03,36.58,35.84,36.39,36.22,0.17,0.4694,459421.21,1666651.768
600036.SH,2024-11-27,36.39,36.68,36.11,36.6,36.39,0.21,0.5771,392076.88,1429782.933
600036.SH,2024-11-28,36.6,36.85,36.18,36.47,36.6,-0.13,-0.3552,451939.1,1647865.702
600036.SH,2024-11-29,36.59,37.0,36.31,36.34,36.47,-0.13,-0.3565,664379.99,2437776.752
600036.SH,2024-12-02,36.45,36.68,36.2,36.51,36.34,0.17,0.4678,424652.09,1548959.36
600036.SH,2024-12-03,36.65,37.22,36.38,37.12,36.51,0.61,1.6708,721986.09,2658919.819
600036.SH,2024-12-04,37.09,37.09,36.53,36.81,37.12,-0.31,-0.8351,620511.24,2285383.469
600036.SH,2024-12-05,36.66,37.36,36.61,36.91,36.81,0.1,0.2717,568949.34,2108115.265
600036.SH,2024-12-06,37.01,37.82,37.01,37.7,36.91,0.79,2.1403,877235.87,3296793.042
600036.SH,2024-12-09,37.59,37.99,37.35,37.7,37.7,0.0,0.0,492995.35,1859542.283
600036.SH,2024-12-10,38.8,38.99,38.4,38.6,37.7,0.9,2.3873,1038953.19,4022695.501
600036.SH,2024-12-11,38.54,38.79,38.23,38.3,38.6,-0.3,-0.7772,517709.36,1988895.959
600036.SH,2024-12-12,38.29,38.83,38.21,38.8,38.3,0.5,1.3055,586888.76,2267252.621
600036.SH,2024-12-13,38.45,38.6,37.28,37.3,38.8,-1.5,-3.866,1117982.8,4213094.969
600036.SH,2024-12-16,37.35,37.78,37.32,37.74,37.3,0.44,1.1796,640315.89,2409086.954
600036.SH,2024-12-17,37.54,38.16,37.54,37.85,37.74,0.11,0.2915,603104.08,2287237.539
600036.SH,2024-12-18,38.02,38.66,37.86,38.52,37.85,0.67,1.7701,805855.36,3101731.956
600036.SH,2024-12-19,38.38,38.53,38.0,38.02,38.52,-0.5,-1.298,611195.82,2336249.857
600036.SH,2024-12-20,38.05,38.28,37.86,37.91,38.02,-0.11,-0.2893,542150.38,2060744.582
600036.SH,2024-12-23,37.99,38.7,37.98,38.35,37.91,0.44,1.1606,902691.56,3473126.152
600036.SH,2024-12-24,38.35,39.29,38.32,39.22,38.35,0.87,2.2686,993428.46,3875223.368
600036.SH,2024-12-25,39.23,39.56,38.99,39.4,39.22,0.18,0.4589,755913.07,2972981.821
600036.SH,2024-12-26,39.4,39.54,39.01,39.48,39.4,0.08,0.203,539251.94,2125139.425
600036.SH,2024-12-27,39.48,39.64,38.78,39.34,39.48,-0.14,-0.3546,700319.55,2742768.758
600036.SH,2024-12-30,39.34,39.8,39.25,39.62,39.34,0.28,0.7117,678845.33,2690314.729
600036.SH,2024-12-31,39.56,39.9,39.3,39.3,39.62,-0.32,-0.8077,643716.99,2549055.494
600036.SH,2025-01-02,39.35,39.5,38.34,38.51,39.3,-0.79,-2.0102,642000.7,2493694.677
600036.SH,2025-01-03,38.6,39.04,38.54,38.66,38.51,0.15,0.3895,682583.06,2646967.329
600036.SH,2025-01-06,38.9,39.1,38.13,39.05,38.66,0.39,1.0088,617158.63,2394244.404
600036.SH,2025-01-07,38.97,39.15,38.61,38.9,39.05,-0.15,-0.3841,492752.05,1917344.814
600036.SH,2025-01-08,38.83,39.55,38.82,39.28,38.9,0.38,0.9769,751481.02,2952943.868
600036.SH,2025-01-09,39.4,39.43,38.83,39.0,39.28,-0.28,-0.7128,447083.35,1748399.288
600036.SH,2025-01-10,39.34,39.45,38.81,38.98,39.0,-0.02,-0.0513,481424.8,1881660.497
600036.SH,2025-01-13,38.93,39.15,38.54,39.07,38.98,0.09,0.2309,606322.74,2360608.444
600036.SH,2025-01-14,39.09,39.97,38.9,39.85,39.07,0.78,1.9964,708011.88,2802857.578
600036.SH,2025-01-15,39.99,41.0,39.89,40.64,39.85,0.79,1.9824,796700.88,3234242.853
600036.SH,2025-01-16,40.65,41.15,40.53,40.99,40.64,0.35,0.8612,592593.86,2423118.469
600036.SH,2025-01-17,40.96,41.16,40.13,40.71,40.99,-0.28,-0.6831,475900.5,1936832.044
600036.SH,2025-01-20,40.98,41.07,40.11,40.12,40.71,-0.59,-1.4493,542574.82,2195966.48
600036.SH,2025-01-21,40.32,40.51,40.01,40.14,40.12,0.02,0.0499,400685.06,1613495.367
600036.SH,2025-01-22,40.14,40.16,39.32,39.45,40.14,-0.69,-1.719,588912.22,2327377.021
600036.SH,2025-01-23,39.67,40.23,39.52,39.83,39.45,0.38,0.9632,606618.1,2417576.583
600036.SH,2025-01-24,39.66,40.55,39.46,40.26,39.83,0.43,1.0796,574652.34,2312073.726
600036.SH,2025-01-27,40.58,40.97,40.55,40.65,40.26,0.39,0.9687,526060.47,2144848.681
600036.SH,2025-02-05,40.85,40.9,39.9,40.0,40.65,-0.65,-1.599,504788.89,2030411.802
600036.SH,2025-02-06,40.0,40.38,39.73,40.2,40.0,0.2,0.5,466088.42,1866867.478
600036.SH,2025-02-07,40.1,40.4,39.96,40.2,40.2,0.0,0.0,521066.18,2092855.37
600036.SH,2025-02-10,40.2,40.92,39.96,40.6,40.2,0.4,0.995,581805.95,2357786.974
600036.SH,2025-02-11,40.75,41.04,40.64,40.98,40.6,0.38,0.936,457771.19,1872296.623
600036.SH,2025-02-12,40.96,41.66,40.56,41.62,40.98,0.64,1.5617,603591.49,2484722.115
600036.SH,2025-02-13,41.65,41.95,41.34,41.71,41.62,0.09,0.2162,462206.98,1927409.816
600036.SH,2025-02-14,41.69,42.03,41.52,42.03,41.71,0.32,0.7672,498736.9,2086301.72
600036.SH,2025-02-17,41.99,41.99,41.36,41.72,42.03,-0.31,-0.7376,536125.61,2228540.282
600036.SH,2025-02-18,41.51,42.48,41.51,42.05,41.72,0.33,0.791,546665.39,2301403.254
600036.SH,2025-02-19,42.0,42.15,41.76,41.98,42.05,-0.07,-0.1665,374702.23,1572476.676
600036.SH,2025-02-20,42.0,42.09,41.68,41.85,41.98,-0.13,-0.3097,407675.08,1705724.684
600036.SH,2025-02-21,41.96,41.99,41.22,41.4,41.85,-0.45,-1.0753,595255.79,2467492.898
600036.SH,2025-02-24,41.39,41.75,41.1,41.27,41.4,-0.13,-0.314,571107.09,2361716.151
600036.SH,2025-02-25,41.15,41.44,40.91,41.03,41.27,-0.24,-0.5815,507321.2,2088784.244
600036.SH,2025-02-26,41.13,41.7,41.05,41.48,41.03,0.45,1.0968,476446.61,1974231.834
600036.SH,2025-02-27,41.6,42.4,41.28,42.38,41.48,0.9,2.1697,622596.57,2611617.503
600036.SH,2025-02-28,42.38,42.66,42.05,42.05,42.38,-0.33,-0.7787,705423.65,2985755.469
600036.SH,2025-03-03,42.12,42.62,41.95,42.05,42.05,0.0,0.0,470149.02,1983165.73
600036.SH,2025-03-04,41.91,42.1,41.77,41.8,42.05,-0.25,-0.5945,317245.42,1329037.847
600036.SH,2025-03-05,41.96,42.91,41.75,42.89,41.8,1.09,2.6077,632037.43,2689749.944
600036.SH,2025-03-06,42.89,43.1,42.45,42.96,42.89,0.07,0.1632,572053.04,2450800.591
600036.SH,2025-03-07,42.9,43.8,42.85,43.57,42.96,0.61,1.4199,605413.19,2626484.644
600036.SH,2025-03-10,43.49,43.58,42.82,43.07,43.57,-0.5,-1.1476,508749.71,2191791.878
600036.SH,2025-03-11,42.77,43.64,42.71,43.51,43.07,0.44,1.0216,565741.09,2447134.269
600036.SH,2025-03-12,43.5,43.86,43.25,43.54,43.51,0.03,0.0689,418258.36,1822497.448
600036.SH,2025-03-13,43.6,44.38,43.5,43.84,43.54,0.3,0.689,585539.28,2575079.64
600036.SH,2025-03-14,44.0,45.47,43.94,45.16,43.84,1.32,3.0109,911275.35,4095818.343
600036.SH,2025-03-17,45.32,45.5,44.98,45.04,45.16,-0.12,-0.2657,654209.73,2957486.225
600036.SH,2025-03-18,45.29,45.38,44.82,45.14,45.04,0.1,0.222,428220.01,1933102.848
600036.SH,2025-03-19,45.28,46.1,45.1,46.02,45.14,0.88,1.9495,670705.94,3061182.015
600036.SH,2025-03-20,45.92,45.92,44.78,45.24,46.02,-0.78,-1.6949,678656.03,3067327.047
600036.SH,2025-03-21,45.12,45.34,44.52,44.7,45.24,-0.54,-1.1936,675411.7,3030118.215
600036.SH,2025-03-24,44.55,45.19,44.55,45.05,44.7,0.35,0.783,449576.19,2018232.266
600036.SH,2025-03-25,45.0,45.5,44.95,45.09,45.05,0.04,0.0888,356871.55,1610425.397
600036.SH,2025-03-26,44.5,44.59,42.61,42.66,45.09,-2.43,-5.3892,1578326.32,6817699.594
600036.SH,2025-03-27,42.75,43.74,42.74,43.26,42.66,0.6,1.4065,827950.81,3583722.318
600036.SH,2025-03-28,43.3,43.45,43.06,43.22,43.26,-0.04,-0.0925,386184.09,1671063.294
600036.SH,2025-03-31,43.21,43.78,42.61,43.29,43.22,0.07,0.162,539568.88,2334387.177
600036.SH,2025-04-01,43.28,43.29,42.75,42.87,43.29,-0.42,-0.9702,389360.35,1671945.743
600036.SH,2025-04-02,42.87,43.15,42.68,42.73,42.87,-0.14,-0.3266,331201.89,1420244.308
600036.SH,2025-04-03,42.02,42.85,42.02,42.65,42.73,-0.08,-0.1872,464165.5,1977833.089
600036.SH,2025-04-07,40.94,42.0,39.39,40.83,42.65,-1.82,-4.2673,1815632.92,7360169.684
600036.SH,2025-04-08,40.78,41.2,40.44,41.15,40.83,0.32,0.7837,1610477.36,6562173.34
600036.SH,2025-04-09,40.6,41.02,40.3,40.46,41.15,-0.69,-1.6768,973969.35,3956703.949
600036.SH,2025-04-10,40.99,41.45,40.55,41.1,40.46,0.64,1.5818,743788.75,3057795.208
600036.SH,2025-04-11,41.11,41.69,40.81,41.51,41.1,0.41,0.9976,583056.91,2404586.566
600036.SH,2025-04-14,41.68,41.91,41.41,41.48,41.51,-0.03,-0.0723,482159.84,2006762.053
600036.SH,2025-04-15,41.49,42.29,41.45,42.1,41.48,0.62,1.4947,614563.86,2578602.435
600036.SH,2025-04-16,41.98,42.58,41.82,42.25,42.1,0.15,0.3563,576293.58,2425842.589
600036.SH,2025-04-17,42.12,42.36,41.85,42.12,42.25,-0.13,-0.3077,405792.88,1711632.454
600036.SH,2025-04-18,42.13,42.79,42.05,42.75,42.12,0.63,1.4957,435001.28,1849158.562
600036.SH,2025-04-21,42.66,43.08,42.28,42.28,42.75,-0.47,-1.0994,416465.85,1774479.138
600036.SH,2025-04-22,42.31,42.54,42.01,42.01,42.28,-0.27,-0.6386,433788.13,1831804.304
600036.SH,2025-04-23,42.3,42.3,41.77,41.99,42.01,-0.02,-0.0476,467743.59,1965588.261
600036.SH,2025-04-24,42.0,42.38,41.95,42.21,41.99,0.22,0.5239,413651.85,1747384.624
600036.SH,2025-04-25,42.29,42.55,42.04,42.08,42.21,-0.13,-0.308,424349.93,1792844.933
600036.SH,2025-04-28,42.15,42.56,42.03,42.35,42.08,0.27,0.6416,386973.17,1639160.75
600036.SH,2025-04-29,42.35,42.65,42.0,42.0,42.35,-0.35,-0.8264,457698.53,1933096.299
600036.SH,2025-04-30,41.64,41.64,40.51,40.74,42.0,-1.26,-3.0,1172682.1,4782474.914
600036.SH,2025-05-06,40.9,41.41,40.51,41.37,40.74,0.63,1.5464,666409.99,2734586.584
600036.SH,2025-05-07,41.79,42.23,41.31,42.02,41.37,0.65,1.5712,712913.88,2985699.306
600036.SH,2025-05-08,42.01,43.42,42.0,42.8,42.02,0.78,1.8563,833809.64,3581050.505
600036.SH,2025-05-09,42.8,43.6,42.8,43.48,42.8,0.68,1.5888,668154.72,2897563.045
600036.SH,2025-05-12,43.45,44.4,43.11,43.8,43.48,0.32,0.736,848974.09,3724155.034
600036.SH,2025-05-13,44.09,44.65,43.85,44.56,43.8,0.76,1.7352,699124.17,3099990.42
600036.SH,2025-05-14,44.55,45.3,44.32,44.81,44.56,0.25,0.561,712790.18,3194543.663
600036.SH,2025-05-15,44.83,45.38,44.65,44.92,44.81,0.11,0.2455,684600.48,3080577.618
600036.SH,2025-05-16,44.75,44.98,44.03,44.27,44.92,-0.65,-1.447,619655.35,2743750.956
600036.SH,2025-05-19,44.2,44.46,43.75,43.84,44.27,-0.43,-0.9713,502817.01,2213557.25
600036.SH,2025-05-20,44.03,44.61,43.87,43.9,43.84,0.06,0.1369,500534.83,2210731.576
600036.SH,2025-05-21,43.95,44.37,43.84,43.9,43.9,0.0,0.0,499200.35,2199193.618
600036.SH,2025-05-22,43.9,44.56,43.75,44.51,43.9,0.61,1.3895,565655.62,2503244.591
600036.SH,2025-05-23,44.51,44.68,43.9,44.05,44.51,-0.46,-1.0335,541460.09,2395482.582
600036.SH,2025-05-26,43.89,44.17,43.63,43.8,44.05,-0.25,-0.5675,456099.75,2000068.964
600036.SH,2025-05-27,43.8,44.15,43.67,43.74,43.8,-0.06,-0.137,363750.01,1594752.084
600036.SH,2025-05-28,43.78,44.05,43.6,43.68,43.74,-0.06,-0.1372,300355.24,1313730.557
600036.SH,2025-05-29,43.7,43.95,43.45,43.47,43.68,-0.21,-0.4808,492989.7,2152530.686
600036.SH,2025-05-30,43.55,43.88,43.35,43.43,43.47,-0.04,-0.092,571391.44,2491890.458
600036.SH,2025-06-03,43.5,44.43,43.5,43.97,43.43,0.54,1.2434,503685.13,2216746.052
600036.SH,2025-06-04,44.05,44.27,43.9,44.06,43.97,0.09,0.2047,373416.67,1644649.609
600036.SH,2025-06-05,44.06,44.42,44.0,44.37,44.06,0.31,0.7036,421316.8,1865235.666
600036.SH,2025-06-06,44.45,44.71,44.3,44.47,44.37,0.1,0.2254,373498.95,1660462.752
600036.SH,2025-06-09,44.6,44.68,44.21,44.6,44.47,0.13,0.2923,474774.46,2111750.061
600036.SH,2025-06-10,44.57,45.05,44.45,44.67,44.6,0.07,0.157,528348.92,2364300.624
600036.SH,2025-06-11,44.72,45.68,44.72,45.31,44.67,0.64,1.4327,776761.08,3518360.401
600036.SH,2025-06-12,45.4,45.65,45.1,45.23,45.31,-0.08,-0.1766,452390.7,2050510.492
600036.SH,2025-06-13,45.24,45.35,44.95,45.18,45.23,-0.05,-0.1105,474080.56,2141145.231
600036.SH,2025-06-16,45.08,45.81,44.95,45.78,45.18,0.6,1.328,414474.35,1885267.746
600036.SH,2025-06-17,45.88,46.05,45.71,45.98,45.78,0.2,0.4369,474209.01,2177741.322
600036.SH,2025-06-18,45.92,46.07,45.65,45.85,45.98,-0.13,-0.2827,426428.59,1957406.403
600036.SH,2025-06-19,45.84,46.06,45.37,45.63,45.85,-0.22,-0.4798,513454.3,2342843.184
600036.SH,2025-06-20,45.73,46.18,45.55,45.99,45.63,0.36,0.789,448156.52,2059058.897
600036.SH,2025-06-23,45.9,46.34,45.43,46.25,45.99,0.26,0.5653,538931.48,2475802.504
600036.SH,2025-06-24,46.31,47.0,46.18,46.75,46.25,0.5,1.0811,655814.61,3058493.531
600036.SH,2025-06-25,46.75,47.5,46.59,47.5,46.75,0.75,1.6043,607679.87,2862914.073
600036.SH,2025-06-26,47.49,47.88,47.05,47.88,47.5,0.38,0.8,590200.64,2807185.76
600036.SH,2025-06-27,47.85,47.87,46.04,46.22,47.88,-1.66,-3.467,954143.2,4461309.935
600036.SH,2025-06-30,46.13,46.29,45.77,45.95,46.22,-0.27,-0.5842,624613.63,2870068.037
600036.SH,2025-07-01,45.96,46.67,45.92,46.45,45.95,0.5,1.0881,450613.09,2089060.872
600036.SH,2025-07-02,46.7,47.16,46.45,46.9,46.45,0.45,0.9688,518563.18,2429269.829
600036.SH,2025-07-03,46.9,46.95,46.34,46.61,46.9,-0.29,-0.6183,556225.76,2595710.465
600036.SH,2025-07-04,46.6,47.5,46.4,47.07,46.61,0.46,0.9869,678948.32,3190053.518
600036.SH,2025-07-07,47.07,47.3,46.7,47.2,47.07,0.13,0.2762,567427.42,2672021.321
600036.SH,2025-07-08,47.28,47.67,47.1,47.62,47.2,0.42,0.8898,637421.01,3025850.416
600036.SH,2025-07-09,47.5,47.77,47.13,47.13,47.62,-0.49,-1.029,614566.35,2912999.773
600036.SH,2025-07-10,47.1,48.55,47.1,48.24,47.13,1.11,2.3552,1219784.04,5860161.557
600036.SH,2025-07-11,46.28,46.5,45.62,45.64,46.24,-0.6,-1.2976,1184442.84,5446393.735
600036.SH,2025-07-14,45.65,46.09,45.44,45.57,45.64,-0.07,-0.1534,648484.37,2969040.141
600036.SH,2025-07-15,45.77,45.92,44.8,45.22,45.57,-0.35,-0.768,666206.26,3018332.344
600036.SH,2025-07-16,45.26,45.54,44.88,45.11,45.22,-0.11,-0.2433,468186.39,2112241.748
600036.SH,2025-07-17,45.1,45.33,44.91,45.0,45.11,-0.11,-0.2438,416895.06,1877218.807
600036.SH,2025-07-18,45.05,45.16,44.74,45.05,45.0,0.05,0.1111,543430.57,2445283.609
600036.SH,2025-07-21,45.05,45.23,44.83,44.85,45.05,-0.2,-0.444,566412.01,2546034.189
600036.SH,2025-07-22,44.85,44.98,44.21,44.94,44.85,0.09,0.2007,922319.06,4111116.85
600036.SH,2025-07-23,44.97,45.7,44.96,45.12,44.94,0.18,0.4005,853249.05,3864679.805
600036.SH,2025-07-24,45.21,45.36,44.8,44.88,45.12,-0.24,-0.5319,826620.13,3724435.789
600036.SH,2025-07-25,44.84,45.17,44.75,44.83,44.88,-0.05,-0.1114,696264.23,3129427.563
600036.SH,2025-07-28,44.8,45.16,44.41,44.44,44.83,-0.39,-0.87,635127.2,2838575.467
600036.SH,2025-07-29,44.44,44.8,44.14,44.14,44.44,-0.3,-0.6751,785812.82,3487013.44
600036.SH,2025-07-30,44.17,44.75,43.93,44.42,44.14,0.28,0.6343,725460.85,3222441.776
600036.SH,2025-07-31,44.4,44.56,43.85,44.48,44.42,0.06,0.1351,733195.17,3247588.211
600036.SH,2025-08-01,44.5,44.97,44.35,44.42,44.48,-0.06,-0.1349,594620.94,2651723.323
600036.SH,2025-08-04,44.31,44.97,44.31,44.9,44.42,0.48,1.0806,498008.32,2231447.773
600036.SH,2025-08-05,44.78,45.4,44.64,45.25,44.9,0.35,0.7795,555258.3,2502003.95
600036.SH,2025-08-06,45.29,45.73,45.11,45.12,45.25,-0.13,-0.2873,430296.4,1951697.829
600036.SH,2025-08-07,45.12,45.6,44.96,45.15,45.12,0.03,0.0665,440643.25,1995029.89
600036.SH,2025-08-08,45.2,45.28,44.53,44.53,45.15,-0.62,-1.3732,456421.53,2044145.472
600036.SH,2025-08-11,44.53,44.63,44.1,44.1,44.53,-0.43,-0.9656,536723.71,2375089.438
600036.SH,2025-08-12,44.13,44.48,44.0,44.0,44.1,-0.1,-0.2268,562252.43,2482688.843
600036.SH,2025-08-13,44.14,44.25,43.49,43.54,44.0,-0.46,-1.0455,876737.36,3837405.883
600036.SH,2025-08-14,43.55,43.94,43.5,43.78,43.54,0.24,0.5512,676351.68,2959763.586
600036.SH,2025-08-15,43.66,43.74,43.3,43.3,43.78,-0.48,-1.0964,932956.84,4051326.297
600036.SH,2025-08-18,43.1,43.67,42.89,43.51,43.3,0.21,0.485,926397.38,4005818.986
600036.SH,2025-08-19,43.45,43.7,43.29,43.4,43.51,-0.11,-0.2528,574118.52,2493609.522
600036.SH,2025-08-20,43.3,43.63,43.15,43.45,43.4,0.05,0.1152,547240.13,2374776.328
600036.SH,2025-08-21,43.5,43.59,43.23,43.47,43.45,0.02,0.046,578540.02,2512170.016
600036.SH,2025-08-22,43.47,43.48,43.04,43.26,43.47,-0.21,-0.4831,794496.25,3432029.283
600036.SH,2025-08-25,43.32,43.87,43.11,43.87,43.26,0.61,1.4101,907389.9,3956212.555
600036.SH,2025-08-26,43.89,44.02,43.42,43.52,43.87,-0.35,-0.7978,755722.31,3296532.147
600036.SH,2025-08-27,43.5,43.66,43.0,43.0,43.52,-0.52,-1.1949,758140.78,3280973.424
600036.SH,2025-08-28,43.02,43.3,42.6,42.98,43.0,-0.02,-0.0465,822425.57,3530397.264
600036.SH,2025-08-29,42.98,43.99,42.89,42.89,42.98,-0.09,-0.2094,1360878.99,5896873.9
600036.SH,2025-09-01,42.62,42.64,41.88,41.98,42.89,-0.91,-2.1217,1276333.29,5381676.513
600036.SH,2025-09-02,41.86,43.5,41.86,43.44,41.98,1.46,3.4778,1452141.14,6232062.12
600036.SH,2025-09-03,43.44,43.57,42.7,42.9,43.44,-0.54,-1.2431,818405.6,3528703.354
600036.SH,2025-09-04,42.81,43.32,42.14,43.05,42.9,0.15,0.3497,935363.28,3997574.925
600036.SH,2025-09-05,43.0,43.02,42.53,42.76,43.05,-0.29,-0.6736,572328.38,2449941.047
600036.SH,2025-09-08,42.7,43.1,42.37,42.43,42.76,-0.33,-0.7717,851681.62,3635065.671
600036.SH,2025-09-09,42.42,42.88,42.4,42.83,42.43,0.4,0.9427,589526.53,2515896.773
600036.SH,2025-09-10,42.8,43.15,42.56,43.0,42.83,0.17,0.3969,471386.94,2022413.171
600036.SH,2025-09-11,43.13,43.33,42.78,43.3,43.0,0.3,0.6977,650730.72,2804175.734
600036.SH,2025-09-12,43.38,43.47,42.42,42.54,43.3,-0.76,-1.7552,823140.03,3521647.843
600036.SH,2025-09-15,42.48,42.79,42.11,42.22,42.54,-0.32,-0.7522,699491.06,2964121.228
600036.SH,2025-09-16,42.32,42.43,41.66,41.75,42.22,-0.47,-1.1132,859050.78,3600259.578
600036.SH,2025-09-17,41.76,42.19,41.7,41.76,41.75,0.01,0.024,572362.58,2392440.771
600036.SH,2025-09-18,41.78,41.84,40.8,40.83,41.76,-0.93,-2.227,1003522.4,4131887.418
600036.SH,2025-09-19,40.8,41.53,40.55,41.0,40.83,0.17,0.4164,836563.07,3440376.826
600036.SH,2025-09-22,41.15,41.37,40.8,40.92,41.0,-0.08,-0.1951,656110.3,2688228.051
600036.SH,2025-09-23,40.98,41.75,40.63,41.55,40.92,0.63,1.5396,938850.81,3891395.841
600036.SH,2025-09-24,41.5,41.89,41.29,41.32,41.55,-0.23,-0.5535,643899.51,2672303.416
600036.SH,2025-09-25,41.32,41.36,40.81,40.82,41.32,-0.5,-1.2101,666948.87,2730478.547
600036.SH,2025-09-26,40.81,41.0,40.3,40.8,40.82,-0.02,-0.049,682766.67,2773964.882
600036.SH,2025-09-29,40.77,41.29,40.36,40.68,40.8,-0.12,-0.2941,835550.55,3407163.055
600036.SH,2025-09-30,40.65,40.79,40.41,40.41,40.68,-0.27,-0.6637,700025.2,2836889.513
600036.SH,2025-10-09,40.21,40.44,39.82,40.33,40.41,-0.08,-0.198,972319.53,3900217.891
600036.SH,2025-10-10,40.3,40.65,40.13,40.18,40.33,-0.15,-0.3719,955049.79,3852817.637
600036.SH,2025-10-13,39.76,40.3,39.7,40.11,40.18,-0.07,-0.1742,1065936.17,4266014.498
600036.SH,2025-10-14,40.09,41.49,39.83,41.26,40.11,1.15,2.8671,1733826.68,7102543.598
600036.SH,2025-10-15,41.25,41.57,41.01,41.5,41.26,0.24,0.5817,1062767.02,4392820.738
600036.SH,2025-10-16,41.5,41.99,41.13,41.93,41.5,0.43,1.0361,1062487.76,4427156.848
600036.SH,2025-10-17,41.88,42.22,41.38,41.59,41.93,-0.34,-0.8109,829827.05,3470670.301
600036.SH,2025-10-20,41.61,41.79,41.1,41.42,41.59,-0.17,-0.4088,649477.29,2694843.445
600036.SH,2025-10-21,41.49,42.1,41.49,41.98,41.42,0.56,1.352,759931.24,3184239.228
600036.SH,2025-10-22,41.98,42.2,41.73,41.95,41.98,-0.03,-0.0715,551333.64,2311324.892
600036.SH,2025-10-23,41.95,42.49,41.78,42.24,41.95,0.29,0.6913,713173.73,3004975.799
600036.SH,2025-10-24,42.35,42.45,41.85,41.95,42.24,-0.29,-0.6866,698831.94,2938870.335
600036.SH,2025-10-27,41.9,41.97,41.42,41.59,41.95,-0.36,-0.8582,988948.62,4120096.208
600036.SH,2025-10-28,41.62,41.72,41.23,41.6,41.59,0.01,0.024,705950.74,2928533.807
600036.SH,2025-10-29,41.53,41.53,40.69,40.77,41.6,-0.83,-1.9952,910987.6,3735043.026
600036.SH,2025-10-30,40.8,41.36,40.73,41.2,40.77,0.43,1.0547,1131538.44,4648170.384
600036.SH,2025-10-31,41.26,41.3,40.84,40.89,41.2,-0.31,-0.7524,702607.0,2881797.758
600036.SH,2025-11-03,41.14,41.97,41.06,41.79,40.89,0.9,2.201,921980.68,3837027.068
600036.SH,2025-11-04,41.84,43.11,41.81,43.01,41.79,1.22,2.9194,1340035.92,5731414.416
600036.SH,2025-11-05,43.1,43.47,42.75,42.8,43.01,-0.21,-0.4883,731713.77,3142006.312
600036.SH,2025-11-06,42.65,42.89,42.31,42.34,42.8,-0.46,-1.0748,871972.74,3704094.152
600036.SH,2025-11-07,42.4,42.72,42.28,42.51,42.34,0.17,0.4015,593191.18,2521251.002
600036.SH,2025-11-10,42.45,42.88,42.28,42.72,42.51,0.21,0.494,532368.73,2272065.471
600036.SH,2025-11-11,42.69,43.04,42.52,42.96,42.72,0.24,0.5618,544670.66,2335614.86
600036.SH,2025-11-12,43.12,43.36,42.93,42.93,42.96,-0.03,-0.0698,587928.78,2538488.042
600036.SH,2025-11-13,42.97,43.3,42.74,43.21,42.93,0.28,0.6522,587980.06,2531083.386
600036.SH,2025-11-14,43.24,43.59,43.18,43.25,43.21,0.04,0.0926,518209.55,2251121.743
600036.SH,2025-11-17,43.1,43.2,42.5,42.65,43.25,-0.6,-1.3873,610674.46,2605355.053
600036.SH,2025-11-18,42.56,42.91,42.44,42.88,42.65,0.23,0.5393,517439.27,2210394.705
600036.SH,2025-11-19,42.88,43.5,42.8,43.22,42.88,0.34,0.7929,511696.39,2211527.918
600036.SH,2025-11-20,43.22,43.79,43.05,43.23,43.22,0.01,0.0231,585851.52,2545450.519
600036.SH,2025-11-21,43.24,43.55,42.76,43.0,43.23,-0.23,-0.532,791264.05,3414438.913
600036.SH,2025-11-24,43.1,43.21,42.51,42.63,43.0,-0.37,-0.8605,678548.82,2903502.508
600036.SH,2025-11-25,42.66,43.3,42.44,43.25,42.63,0.62,1.4544,666409.49,2860710.968
600036.SH,2025-11-26,43.34,43.63,42.97,43.25,43.25,0.0,0.0,451072.06,1950643.252
600036.SH,2025-11-27,43.18,43.39,42.6,43.19,43.25,-0.06,-0.1387,621434.34,2671439.102
600036.SH,2025-11-28,43.1,43.12,42.82,42.95,43.19,-0.24,-0.5557,494657.89,2126261.782
600036.SH,2025-12-01,43.08,43.47,42.93,43.44,42.95,0.49,1.1409,567919.42,2454940.643
600036.SH,2025-12-02,43.44,43.65,43.22,43.38,43.44,-0.06,-0.1381,406734.97,1765681.348
600036.SH,2025-12-03,43.27,43.58,43.0,43.01,43.38,-0.37,-0.8529,468959.72,2029264.531
600036.SH,2025-12-04,43.05,43.42,43.01,43.22,43.01,0.21,0.4883,361207.46,1560898.874
600036.SH,2025-12-05,43.25,43.55,42.91,43.45,43.22,0.23,0.5322,548906.22,2372985.275
600036.SH,2025-12-08,43.44,43.64,43.07,43.18,43.45,-0.27,-0.6214,580038.81,2512101.223
600036.SH,2025-12-09,43.18,43.3,42.83,43.04,43.18,-0.14,-0.3242,465938.7,2007147.248
600036.SH,2025-12-10,43.08,43.08,41.55,41.7,43.04,-1.34,-3.1134,1083156.86,4546989.729
600036.SH,2025-12-11,41.86,42.05,41.41,41.68,41.7,-0.02,-0.048,846231.07,3525927.169
600036.SH,2025-12-12,41.75,41.83,41.48,41.74,41.68,0.06,0.144,717625.47,2991877.687
600036.SH,2025-12-15,41.74,42.28,41.63,41.8,41.74,0.06,0.1437,562665.57,2361986.962
600036.SH,2025-12-16,41.78,42.13,41.43,41.7,41.8,-0.1,-0.2392,566176.35,2359934.98
600036.SH,2025-12-17,41.6,41.85,41.23,41.52,41.7,-0.18,-0.4317,631267.44,2619154.132
600036.SH,2025-12-18,41.54,42.42,41.4,42.37,41.52,0.85,2.0472,768119.31,3224732.02
600036.SH,2025-12-19,42.37,42.48,41.91,41.99,42.37,-0.38,-0.8969,573823.41,2421818.093
600036.SH,2025-12-22,42.08,42.13,41.71,41.77,41.99,-0.22,-0.5239,524739.89,2197149.656
600036.SH,2025-12-23,41.74,42.04,41.66,41.91,41.77,0.14,0.3352,606510.14,2539576.613
600036.SH,2025-12-24,41.93,41.99,41.55,41.83,41.91,-0.08,-0.1909,536305.2,2241620.145
600036.SH,2025-12-25,41.93,42.08,41.7,41.78,41.83,-0.05,-0.1195,499213.51,2090265.137
600036.SH,2025-12-26,41.79,41.88,41.62,41.7,41.78,-0.08,-0.1915,508809.59,2123779.708
600036.SH,2025-12-29,41.66,41.93,41.42,41.87,41.7,0.17,0.4077,682551.05,2848984.782
600036.SH,2025-12-30,41.9,42.48,41.78,42.28,41.87,0.41,0.9792,834782.93,3522122.452
600036.SH,2025-12-31,42.24,42.33,41.92,42.1,42.28,-0.18,-0.4257,554142.39,2335536.695
600036.SH,2026-01-05,42.48,42.8,42.27,42.35,42.1,0.25,0.5938,840829.64,3571507.107
600036.SH,2026-01-06,42.45,42.79,42.09,42.73,42.35,0.38,0.8973,923714.82,3918152.819
600036.SH,2026-01-07,42.75,43.02,42.14,42.15,42.73,-0.58,-1.3574,880559.52,3735889.227
600036.SH,2026-01-08,42.2,42.25,41.3,41.58,42.15,-0.57,-1.3523,1115726.92,4642639.925
600036.SH,2026-01-09,41.54,41.76,41.12,41.3,41.58,-0.28,-0.6734,985470.74,4069939.125
600036.SH,2026-01-12,41.3,41.43,41.0,41.12,41.3,-0.18,-0.4358,1186640.58,4887859.874
600036.SH,2026-01-13,41.2,41.38,41.03,41.13,41.12,0.01,0.0243,1159364.73,4772124.912
600036.SH,2026-01-14,41.13,41.17,40.06,40.07,41.13,-1.06,-2.5772,1917743.8,7803195.415
600036.SH,2026-01-15,40.11,40.42,40.0,40.11,40.07,0.04,0.0998,1217270.94,4886718.463
600036.SH,2026-01-16,39.49,39.5,38.65,38.72,39.1,-0.38,-0.9719,1525245.3,5941062.877
600036.SH,2026-01-19,38.73,38.92,38.5,38.55,38.72,-0.17,-0.439,988702.73,3825610.922
600036.SH,2026-01-20,38.57,39.13,38.51,38.73,38.55,0.18,0.4669,1113873.22,4327688.233
600036.SH,2026-01-21,38.92,38.94,38.18,38.24,38.73,-0.49,-1.2652,1214999.85,4683716.085
600036.SH,2026-01-22,38.27,38.58,37.8,37.85,38.24,-0.39,-1.0199,1877546.33,7138121.617
600036.SH,2026-01-23,37.85,38.17,37.38,37.5,37.85,-0.35,-0.9247,1892112.73,7135111.003
600036.SH,2026-01-26,37.5,38.3,37.31,38.02,37.5,0.52,1.3867,2166794.16,8225997.387
600036.SH,2026-01-27,38.06,38.51,37.87,38.1,38.02,0.08,0.2104,1572406.27,6017368.29
600036.SH,2026-01-28,38.12,38.44,37.7,37.8,38.1,-0.3,-0.7874,2041666.88,7757392.685
600036.SH,2026-01-29,37.88,38.65,37.55,38.53,37.8,0.73,1.9312,1999981.87,7627788.339
600036.SH,2026-01-30,38.53,39.17,38.53,38.67,38.53,0.14,0.3634,1660843.03,6450474.687
600036.SH,2026-02-02,38.88,39.3,38.41,38.45,38.67,-0.22,-0.5689,1384978.88,5374972.304
600036.SH,2026-02-03,38.67,38.67,38.14,38.3,38.45,-0.15,-0.3901,842791.56,3228439.117
600036.SH,2026-02-04,38.3,39.02,38.26,39.01,38.3,0.71,1.8538,1021316.28,3961153.583
600036.SH,2026-02-05,38.94,39.92,38.91,39.71,39.01,0.7,1.7944,1218894.52,4810048.757
600036.SH,2026-02-06,39.7,39.95,39.31,39.6,39.71,-0.11,-0.277,802979.78,3178037.639
600036.SH,2026-02-09,39.6,39.74,39.33,39.48,39.6,-0.12,-0.303,658948.91,2601539.089
600036.SH,2026-02-10,39.49,39.56,39.31,39.34,39.48,-0.14,-0.3546,495964.65,1953983.696
600036.SH,2026-02-11,39.36,39.45,39.2,39.4,39.34,0.06,0.1525,528816.96,2080370.293
600036.SH,2026-02-12,39.4,39.42,38.73,38.99,39.4,-0.41,-1.0406,777525.71,3028037.809
600036.SH,2026-02-13,38.95,39.09,38.63,38.71,38.99,-0.28,-0.7181,705370.32,2738389.98
600036.SH,2026-02-24,39.2,39.41,38.82,38.94,38.71,0.23,0.5942,754674.38,2950566.959
600036.SH,2026-02-25,38.9,39.15,38.72,38.78,38.94,-0.16,-0.4109,723971.49,2817141.58
600036.SH,2026-02-26,38.8,39.02,38.5,38.7,38.78,-0.08,-0.2063,593325.34,2297277.144
600036.SH,2026-02-27,38.75,38.95,38.64,38.75,38.7,0.05,0.1292,637034.72,2472164.576
600036.SH,2026-03-02,38.6,38.87,38.42,38.67,38.75,-0.08,-0.2065,685473.13,2649577.38
600036.SH,2026-03-03,38.66,39.55,38.56,39.18,38.67,0.51,1.3189,1384656.42,5423934.8
600036.SH,2026-03-04,39.01,39.03,38.01,38.6,39.18,-0.58,-1.4803,1151939.02,4442287.555
600036.SH,2026-03-05,38.66,39.24,38.63,39.15,38.6,0.55,1.4249,783369.79,3058463.948
600036.SH,2026-03-06,39.1,39.32,38.95,39.2,39.15,0.05,0.1277,465956.67,1822138.719
600036.SH,2026-03-09,38.9,39.18,38.75,38.79,39.2,-0.41,-1.0459,766774.9,2983734.019
600036.SH,2026-03-10,38.94,39.24,38.8,39.22,38.79,0.43,1.1085,613717.0,2399803.866
600036.SH,2026-03-11,39.3,39.5,38.95,39.5,39.22,0.28,0.7139,689407.1,2710371.064
600036.SH,2026-03-12,39.45,39.58,39.33,39.5,39.5,0.0,0.0,527723.3,2081987.13
600036.SH,2026-03-13,39.46,40.05,39.35,39.76,39.5,0.26,0.6582,765276.68,3041555.947
600036.SH,2026-03-16,39.77,40.04,39.64,39.91,39.76,0.15,0.3773,610944.51,2435208.936
600036.SH,2026-03-17,39.89,40.36,39.83,40.12,39.91,0.21,0.5262,656229.27,2637804.783
600036.SH,2026-03-18,40.13,40.32,39.79,39.92,40.12,-0.2,-0.4985,705831.41,2822439.834
600036.SH,2026-03-19,39.88,40.04,39.7,39.77,39.92,-0.15,-0.3758,650246.84,2591832.05
600036.SH,2026-03-20,39.85,40.08,39.66,39.75,39.77,-0.02,-0.0503,615802.73,2453063.18
600036.SH,2026-03-23,39.58,39.7,38.55,38.68,39.75,-1.07,-2.6918,957738.29,3730145.439
600036.SH,2026-03-24,38.8,39.32,38.73,39.25,38.68,0.57,1.4736,616336.42,2408674.586
600036.SH,2026-03-25,39.33,39.4,38.94,39.26,39.25,0.01,0.0255,653816.69,2556622.045
600036.SH,2026-03-26,39.15,39.69,39.14,39.56,39.26,0.3,0.7641,616790.07,2437289.721
600036.SH,2026-03-27,39.5,39.7,39.25,39.44,39.56,-0.12,-0.3033,468006.71,1846335.951
600036.SH,2026-03-30,39.24,39.57,39.13,39.48,39.44,0.04,0.1014,646054.1,2544968.867
600036.SH,2026-03-31,39.54,39.73,39.28,39.32,39.48,-0.16,-0.4053,663096.71,2617257.387
600036.SH,2026-04-01,39.56,40.04,39.42,39.82,39.32,0.5,1.2716,881525.81,3510509.345
600036.SH,2026-04-02,39.86,39.92,39.58,39.76,39.82,-0.06,-0.1507,534629.88,2124222.801
600036.SH,2026-04-03,39.76,39.82,39.36,39.4,39.76,-0.36,-0.9054,464485.37,1835962.093
600036.SH,2026-04-07,39.39,39.6,38.96,38.99,39.4,-0.41,-1.0406,528366.61,2071766.646
600036.SH,2026-04-08,39.5,39.64,39.19,39.62,38.99,0.63,1.6158,669497.89,2643490.434
600036.SH,2026-04-09,39.48,39.52,39.12,39.26,39.62,-0.36,-0.9086,535854.05,2104306.041
600036.SH,2026-04-10,39.32,39.38,39.13,39.21,39.26,-0.05,-0.1274,543202.08,2130641.529
600036.SH,2026-04-13,39.13,39.16,38.92,38.98,39.21,-0.23,-0.5866,525144.95,2047706.85
600036.SH,2026-04-14,39.0,39.18,38.95,39.13,38.98,0.15,0.3848,503998.61,1967829.54
600036.SH,2026-04-15,39.25,39.92,39.22,39.9,39.13,0.77,1.9678,1052103.79,4177253.342
600036.SH,2026-04-16,39.9,40.15,39.75,39.91,39.9,0.01,0.0251,617257.76,2467044.522
600036.SH,2026-04-17,39.85,39.9,39.5,39.52,39.91,-0.39,-0.9772,587925.18,2331744.88
600036.SH,2026-04-20,39.5,39.9,39.33,39.87,39.52,0.35,0.8856,588776.42,2337084.804
600036.SH,2026-04-21,39.91,40.15,39.86,39.87,39.87,0.0,0.0,545949.15,2182431.154
600036.SH,2026-04-22,39.87,40.03,39.62,39.74,39.87,-0.13,-0.3261,507594.55,2017733.909
600036.SH,2026-04-23,39.72,39.86,39.52,39.81,39.74,0.07,0.1761,569489.34,2260647.913
600036.SH,2026-04-24,39.74,39.8,39.36,39.38,39.81,-0.43,-1.0801,629414.38,2485978.699
600036.SH,2026-04-27,39.52,39.99,39.32,39.38,39.38,0.0,0.0,926168.43,3669782.211
600036.SH,2026-04-28,39.38,39.63,39.26,39.6,39.38,0.22,0.5587,669305.2,2637104.794
600036.SH,2026-04-29,38.91,39.02,38.34,38.5,39.6,-1.1,-2.7778,2533117.17,9780526.575
600036.SH,2026-04-30,38.4,38.51,38.12,38.27,38.5,-0.23,-0.5974,1169574.1,4477499.783
600036.SH,2026-05-06,38.29,38.35,37.82,38.0,38.27,-0.27,-0.7055,1431771.03,5437169.068
600036.SH,2026-05-07,38.05,38.16,37.94,37.95,38.0,-0.05,-0.1316,790089.87,3001814.235
600036.SH,2026-05-08,38.03,38.18,37.9,37.94,37.95,-0.01,-0.0264,869539.12,3303687.174
600036.SH,2026-05-11,37.95,37.98,37.7,37.97,37.94,0.03,0.0791,925489.34,3502977.208
600036.SH,2026-05-12,37.98,38.14,37.86,37.9,37.97,-0.07,-0.1844,967299.29,3673345.231
600036.SH,2026-05-13,37.96,38.09,37.85,37.88,37.9,-0.02,-0.0528,718304.16,2723485.937
600036.SH,2026-05-14,37.81,38.02,37.73,37.81,37.88,-0.07,-0.1848,867867.9,3286217.937
600036.SH,2026-05-15,37.81,37.97,37.61,37.65,37.81,-0.16,-0.4232,821737.96,3101358.446
600036.SH,2026-05-18,37.65,37.66,37.35,37.47,37.65,-0.18,-0.4781,707684.1,2651016.863
600036.SH,2026-05-19,37.48,37.74,37.34,37.37,37.47,-0.1,-0.2669,719910.07,2698787.184
600036.SH,2026-05-20,37.37,37.44,37.17,37.17,37.37,-0.2,-0.5352,693184.22,2582329.893
600036.SH,2026-05-21,37.18,37.34,37.11,37.15,37.17,-0.02,-0.0538,725199.69,2698141.548
600036.SH,2026-05-22,37.1,37.33,36.97,37.02,37.15,-0.13,-0.3499,797617.12,2961273.37
600036.SH,2026-05-25,37.01,37.26,36.9,36.94,37.02,-0.08,-0.2161,710668.33,2631256.789
600036.SH,2026-05-26,36.94,37.29,36.9,37.0,36.94,0.06,0.1624,706202.9,2617323.723
600036.SH,2026-05-27,37.01,37.19,36.78,37.0,37.0,0.0,0.0,845146.27,3125360.325
600036.SH,2026-05-28,37.05,37.43,36.97,37.12,37.0,0.12,0.3243,995791.06,3701401.975
600036.SH,2026-05-29,37.1,38.04,36.93,38.01,37.12,0.89,2.3976,1531383.55,5769643.134
600036.SH,2026-06-01,38.0,38.2,37.8,38.2,38.01,0.19,0.4999,961378.86,3656722.114
600036.SH,2026-06-02,38.16,38.88,38.05,38.8,38.2,0.6,1.5707,1256969.53,4860567.502
600036.SH,2026-06-03,38.81,38.81,38.25,38.5,38.8,-0.3,-0.7732,881274.54,3392945.722
600036.SH,2026-06-04,38.4,38.65,37.99,38.1,38.5,-0.4,-1.039,738841.28,2826182.655
600036.SH,2026-06-05,38.18,38.7,38.11,38.58,38.1,0.48,1.2598,778709.0,3000501.535
600036.SH,2026-06-08,38.4,38.76,38.36,38.5,38.58,-0.08,-0.2074,769477.67,2965291.902
600036.SH,2026-06-09,38.5,38.64,38.4,38.49,38.5,-0.01,-0.026,664500.37,2559005.933
600036.SH,2026-06-10,38.45,39.08,38.38,38.9,38.49,0.41,1.0652,935860.76,3632762.822
600036.SH,2026-06-11,38.93,39.09,38.57,38.73,38.9,-0.17,-0.437,594454.02,2304178.552
600036.SH,2026-06-12,38.59,39.35,38.34,39.34,38.73,0.61,1.575,1119833.9,4373132.356
600036.SH,2026-06-15,39.21,39.37,38.73,38.95,39.34,-0.39,-0.9914,977404.34,3811793.413
600036.SH,2026-06-16,38.81,38.89,38.41,38.57,38.95,-0.38,-0.9756,789669.1,3048039.103
600036.SH,2026-06-17,38.68,38.85,38.14,38.23,38.57,-0.34,-0.8815,660451.63,2530773.389
600036.SH,2026-06-18,38.15,38.2,37.26,37.26,38.23,-0.97,-2.5373,1003460.53,3765522.215
600036.SH,2026-06-22,37.01,37.9,36.95,37.65,37.26,0.39,1.0467,1100767.64,4112247.287
600036.SH,2026-06-23,37.65,38.19,37.35,37.4,37.65,-0.25,-0.664,1008007.29,3804117.446
600036.SH,2026-06-24,37.49,37.58,36.75,36.76,37.4,-0.64,-1.7112,1236165.56,4570750.868
600036.SH,2026-06-25,36.73,36.99,36.2,36.23,36.76,-0.53,-1.4418,1181162.25,4308980.708
600036.SH,2026-06-26,36.38,36.47,35.88,36.0,36.23,-0.23,-0.6348,1055410.23,3804353.019
600036.SH,2026-06-29,35.9,36.72,35.4,36.42,36.0,0.42,1.1667,1080734.61,3911537.694
600036.SH,2026-06-30,36.37,36.39,35.35,35.5,36.42,-0.92,-2.5261,1099037.51,3919806.245
600036.SH,2026-07-01,35.52,36.12,35.28,35.91,35.5,0.41,1.1549,891221.29,3183805.654
600036.SH,2026-07-02,36.28,36.8,36.13,36.6,35.91,0.69,1.9215,944614.48,3442082.753
600036.SH,2026-07-03,36.67,37.06,36.35,36.83,36.6,0.23,0.6284,853123.9,3133647.736
600036.SH,2026-07-06,36.7,37.76,36.52,37.73,36.83,0.9,2.4437,971544.07,3625395.505
600036.SH,2026-07-07,37.72,37.86,37.3,37.55,37.73,-0.18,-0.4771,652587.4,2448739.027
600036.SH,2026-07-08,37.36,37.97,37.15,37.94,37.55,0.39,1.0386,767134.52,2899053.623
600036.SH,2026-07-09,37.7,37.81,37.37,37.55,37.94,-0.39,-1.0279,765645.57,2875450.172
600036.SH,2026-07-10,36.61,36.92,36.33,36.88,36.55,0.33,0.9029,793771.53,2911440.764
